params,cv_mae_mean,cv_mae_std,cv_rmse_mean,cv_r2_mean,train_mae_mean
"{'max_depth': None, 'min_samples_leaf': 1}",1.0904779126515218,0.02365698940499103,1.7332261814446823,0.9222965220083926,0.5383756155180777
"{'max_depth': None, 'min_samples_leaf': 5}",1.1566457852163863,0.021772098574351712,1.6554066534786647,0.9292653176532364,0.9143177100268636
"{'max_depth': 12, 'min_samples_leaf': 1}",1.2044956439755552,0.02988154653564445,1.712887779104675,0.9240936894070975,0.9555496376352377
"{'max_depth': 12, 'min_samples_leaf': 5}",1.2535579818368827,0.02484241479782056,1.7211220206120275,0.9235830951867072,1.0957833468778937
"{'max_depth': None, 'min_samples_leaf': 10}",1.2570246590062373,0.022296496644406447,1.758619533270491,0.9202292236754828,1.1056105095382422
"{'max_depth': 12, 'min_samples_leaf': 10}",1.3202189343611554,0.029687711257221347,1.8128477154126301,0.9152593353032511,1.2009416576702443
"{'max_depth': 10, 'min_samples_leaf': 1}",1.3262152646956258,0.03440657224577954,1.8023441372443156,0.9160416582334914,1.1605666750139827
"{'max_depth': 10, 'min_samples_leaf': 5}",1.3588637360782219,0.03656153848494621,1.8175856442950358,0.9147038301383599,1.2380655712575757
"{'max_depth': 10, 'min_samples_leaf': 10}",1.4044465888977833,0.03673586812431264,1.889770968113568,0.9078710775408443,1.3101118841472075
"{'max_depth': None, 'min_samples_leaf': 20}",1.4073339526891875,0.032181637825987014,1.954362120218559,0.9014271196917065,1.3195692478572976
"{'max_depth': 12, 'min_samples_leaf': 20}",1.4363251236437982,0.04017567582426378,1.986153386224236,0.8982251471009267,1.3594796314629771
"{'max_depth': 10, 'min_samples_leaf': 20}",1.4873770936807973,0.03769982330936626,2.0267281717477017,0.8940278767024488,1.4256691971195934
"{'max_depth': 8, 'min_samples_leaf': 1}",1.4913400352715154,0.03433035743390463,1.9585504225787187,0.9010669407531753,1.404361762477369
"{'max_depth': 8, 'min_samples_leaf': 5}",1.5110336679718144,0.03347909049580032,1.9811316355008177,0.8987396752082782,1.4360691017283773
"{'max_depth': 8, 'min_samples_leaf': 10}",1.549365499559508,0.04078730699659453,2.0414568598185125,0.8925124101830629,1.4768744722269702
"{'max_depth': 8, 'min_samples_leaf': 20}",1.5975582222294267,0.052087432843170675,2.1473052650787054,0.8810558005678744,1.5415345835767842
"{'max_depth': 6, 'min_samples_leaf': 1}",1.7498940488662509,0.05189187483638392,2.2972398607039546,0.8639216323040545,1.7027516885334752
"{'max_depth': 6, 'min_samples_leaf': 5}",1.753704215135152,0.049060406708039496,2.304933393279886,0.8629762792909235,1.707363484652094
"{'max_depth': 6, 'min_samples_leaf': 10}",1.7600606094096243,0.051570556760158454,2.3113169344293496,0.862233210545287,1.7220207588298635
"{'max_depth': 6, 'min_samples_leaf': 20}",1.7744423260023907,0.05571318386503722,2.346278794971794,0.8579926450348385,1.7460167008209933
"{'max_depth': 4, 'min_samples_leaf': 20}",2.0079189410304368,0.043874558879981713,2.6626614191320743,0.8171027289350221,1.9978775184850792
"{'max_depth': 4, 'min_samples_leaf': 10}",2.0079189410304368,0.043874558879981713,2.6626614191320743,0.8171027289350221,1.9978775184850792
"{'max_depth': 4, 'min_samples_leaf': 5}",2.0079189410304368,0.043874558879981713,2.6626614191320743,0.8171027289350221,1.9978775184850792
"{'max_depth': 4, 'min_samples_leaf': 1}",2.0079189410304368,0.043874558879981713,2.6626614191320743,0.8171027289350221,1.9978775184850792
